{
    "pistolAmmo": 20,
    "m4Ammo": 40,
    "totalPistolAmmo": 150,
    "totalM4Ammo": 197,
    "health": 100.0,
    "foodLevel": 99.30001068115235,
    "waterLevel": 99.30001068115235,
    "researchDataValue": 0.0,
    "position": {
        "x": 632.0188598632813,
        "y": 16.19890594482422,
        "z": 541.8328857421875
    },
    "rotation": {
        "x": 0.0,
        "y": -0.2620581090450287,
        "z": 0.0,
        "w": 0.9650521278381348
    },
    "InventoryJSON": []
}