{
    "pistolAmmo": 10,
    "m4Ammo": 31,
    "totalPistolAmmo": 137,
    "totalM4Ammo": 117,
    "health": 10.0,
    "foodLevel": 96.20005798339844,
    "waterLevel": 96.00006103515625,
    "researchDataValue": 0.0,
    "position": {
        "x": 565.2059936523438,
        "y": 15.798253059387207,
        "z": 676.5791625976563
    },
    "rotation": {
        "x": 0.0,
        "y": 0.7020999193191528,
        "z": 0.0,
        "w": 0.7120785117149353
    }
}