{
    "pistolAmmo": 20,
    "m4Ammo": 40,
    "totalPistolAmmo": 96,
    "totalM4Ammo": 49,
    "health": 100.0,
    "foodLevel": 99.60000610351563,
    "waterLevel": 99.60000610351563,
    "researchDataValue": 0.0,
    "position": {
        "x": 654.760009765625,
        "y": 12.240955352783204,
        "z": 496.4700012207031
    },
    "rotation": {
        "x": 0.0,
        "y": 0.30441150069236758,
        "z": 0.0,
        "w": 0.9525406360626221
    },
    "slots": [
        {
            "item": {
                "instanceID": 24088
            },
            "amount": 1
        },
        {
            "item": {
                "instanceID": 24520
            },
            "amount": 2
        }
    ]
}