{
    "pistolAmmo": 20,
    "m4Ammo": 40,
    "totalPistolAmmo": 150,
    "totalM4Ammo": 200,
    "health": 100.0,
    "foodLevel": 86.5,
    "waterLevel": 86.5,
    "researchDataValue": 0.0,
    "position": {
        "x": 534.1943359375,
        "y": 15.798253059387207,
        "z": 638.2801513671875
    },
    "rotation": {
        "x": 0.0,
        "y": 0.4113549590110779,
        "z": 0.0,
        "w": 0.9114752411842346
    }
}