{
    "pistolAmmo": 20,
    "m4Ammo": 40,
    "totalPistolAmmo": 124,
    "totalM4Ammo": 118,
    "health": 70.0,
    "foodLevel": 90.90013885498047,
    "waterLevel": 90.90013885498047,
    "researchDataValue": 0.0,
    "position": {
        "x": 494.95587158203127,
        "y": 16.38518524169922,
        "z": 633.6864013671875
    },
    "rotation": {
        "x": 0.0,
        "y": 0.9974812269210815,
        "z": 0.0,
        "w": 0.07093127071857453
    }
}