{
    "pistolAmmo": 20,
    "m4Ammo": 40,
    "totalPistolAmmo": 150,
    "totalM4Ammo": 200,
    "health": 100.0,
    "foodLevel": 100.0,
    "waterLevel": 100.0,
    "researchDataValue": 0.0,
    "position": {
        "x": 655.7969360351563,
        "y": 12.445995330810547,
        "z": 498.38330078125
    },
    "rotation": {
        "x": 0.0,
        "y": -0.10903007537126541,
        "z": 0.0,
        "w": 0.9940385222434998
    },
    "InventoryJSON": []
}