{
    "pistolAmmo": 20,
    "m4Ammo": 40,
    "totalPistolAmmo": 104,
    "totalM4Ammo": 192,
    "health": 74.73574829101563,
    "foodLevel": 73.80039978027344,
    "waterLevel": 73.80039978027344,
    "researchDataValue": 75.0,
    "position": {
        "x": 635.9548950195313,
        "y": 15.8139009475708,
        "z": 535.608154296875
    },
    "rotation": {
        "x": 0.0,
        "y": 0.3026740849018097,
        "z": 0.0,
        "w": -0.9530941247940064
    },
    "slots": [
        {
            "item": {
                "instanceID": 24090
            },
            "amount": 3
        },
        {
            "item": {
                "instanceID": 24522
            },
            "amount": 3
        }
    ]
}