{
    "pistolAmmo": 8,
    "m4Ammo": 40,
    "totalPistolAmmo": 54,
    "totalM4Ammo": 136,
    "health": 90.0,
    "foodLevel": 70.90044403076172,
    "waterLevel": 70.90044403076172,
    "researchDataValue": 11.522943496704102,
    "position": {
        "x": 648.9957885742188,
        "y": 13.88292121887207,
        "z": 519.9739379882813
    },
    "rotation": {
        "x": 0.0,
        "y": -0.09131525456905365,
        "z": 0.0,
        "w": 0.9958220720291138
    }
}