{
    "pistolAmmo": 20,
    "m4Ammo": 40,
    "totalPistolAmmo": 149,
    "totalM4Ammo": 200,
    "health": 100.0,
    "foodLevel": 99.9000015258789,
    "waterLevel": 99.9000015258789,
    "researchDataValue": 0.0,
    "position": {
        "x": 632.6961059570313,
        "y": 15.62155532836914,
        "z": 507.8873596191406
    },
    "rotation": {
        "x": 0.0,
        "y": 0.14250169694423676,
        "z": 0.0,
        "w": 0.9897946119308472
    }
}