{
    "pistolAmmo": 15,
    "m4Ammo": 0,
    "totalPistolAmmo": 93,
    "totalM4Ammo": 0,
    "health": 100.0,
    "foodLevel": 100.0,
    "waterLevel": 100.0,
    "researchDataValue": 0.0,
    "position": {
        "x": 654.760009765625,
        "y": 12.240955352783204,
        "z": 496.4700012207031
    },
    "rotation": {
        "x": 0.0,
        "y": 0.08071468770503998,
        "z": 0.0,
        "w": 0.9967372417449951
    },
    "slots": [
        {
            "item": {
                "instanceID": 24092
            },
            "amount": 2
        },
        {
            "item": {
                "instanceID": 24296
            },
            "amount": 37
        },
        {
            "item": {
                "instanceID": 24564
            },
            "amount": 3
        }
    ]
}