{
    "pistolAmmo": 20,
    "m4Ammo": 40,
    "totalPistolAmmo": 96,
    "totalM4Ammo": 49,
    "health": 100.0,
    "foodLevel": 99.80000305175781,
    "waterLevel": 99.80000305175781,
    "researchDataValue": 0.0,
    "position": {
        "x": 654.760009765625,
        "y": 12.240955352783204,
        "z": 496.4700012207031
    },
    "rotation": {
        "x": 0.0,
        "y": 0.07549235969781876,
        "z": 0.0,
        "w": 0.9971464276313782
    },
    "slots": [
        {
            "item": {
                "instanceID": 24090
            },
            "amount": 3
        },
        {
            "item": {
                "instanceID": 24278
            },
            "amount": 5
        },
        {
            "item": {
                "instanceID": 24522
            },
            "amount": 3
        }
    ]
}