{
    "pistolAmmo": 20,
    "m4Ammo": 40,
    "totalPistolAmmo": 150,
    "totalM4Ammo": 131,
    "health": 100.0,
    "foodLevel": 95.1000747680664,
    "waterLevel": 95.1000747680664,
    "researchDataValue": 0.0,
    "position": {
        "x": 655.409912109375,
        "y": 13.121082305908204,
        "z": 504.2032775878906
    },
    "rotation": {
        "x": 0.0,
        "y": -0.06649721413850784,
        "z": 0.0,
        "w": 0.9977866411209106
    }
}